[
  {
    "id": "50b2b332-d530-47a2-85f0-921e0e1d1aea",
    "cartId": 1,
    "userId": 1,
    "purchaseDate": "2022-02-17T00:00:02.000Z",
    "products": [
      {
        "productId": 1,
        "quantity": 4,
        "title": "Fjallraven - Foldsack No. 1 Backpack, Fits 15 Laptops",
        "price": 109.95,
        "amount": 439.80
      },
      {
        "productId": 2,
        "quantity": 1,
        "title": "Mens Casual Premium Slim Fit T-Shirts ",
        "price": 22.3,
        "amount": 22.3
      },
      {
        "productId": 3,
        "quantity": 6,
        "title": "Mens Cotton Jacket",
        "price": 55.99,
        "amount": 335.94
      }
    ],
    "totalAmount": 798.04
  }
]